<?xml version="1.0" encoding="UTF-8" standalone="no"?>
<raConfiguration version="9">
  <generalSettings>
    <option key="#Board#" value="board.rza3ul_smarc_qspi"/>
    <option key="CPU" value="RZA3UL"/>
    <option key="Core" value="CA55_0"/>
    <option key="#TargetName#" value="R9A07G063U02GBG"/>
    <option key="#TargetARCHITECTURE#" value="cortex-a55"/>
    <option key="#DeviceCommand#" value="R9A07G063U02GBG"/>
    <option key="#RTOS#" value="_none"/>
    <option key="#pinconfiguration#" value="R9A07G063U02GBG.pincfg"/>
    <option key="#FSPVersion#" value="3.0.0"/>
    <option key="#ConfigurationFragments#" value="Renesas##BSP##Board##rza3ul_smarc_qspi_xip##|Renesas##BSP##Board##rza3ul_smarc_qspi##"/>
    <option key="#SELECTED_TOOLCHAIN#" value="gcc-arm-a-profile-aarch64"/>
    <option key="#ToolchainVersion#" value="10.3.1.20210621"/>
  </generalSettings>
  <raBspConfiguration>
    <config id="config.bsp.rza3ul.R9A07G063U02GBG">
      <property id="config.bsp.part_number" value="config.bsp.part_number.value"/>
      <property id="config.bsp.rom_size_bytes" value="config.bsp.rom_size_bytes.value"/>
      <property id="config.bsp.ram_size_bytes" value="config.bsp.ram_size_bytes.value"/>
      <property id="config.bsp.package_style" value="config.bsp.package_style.value"/>
      <property id="config.bsp.package_pins" value="config.bsp.package_pins.value"/>
    </config>
    <config id="config.bsp.rza3ul">
      <property id="config.bsp.series" value="config.bsp.series.value"/>
    </config>
    <config id="config.bsp.rza3ul.fsp">
      <property id="config.bsp.fsp.mcu.canfd.max_data_rate_hz" value="4"/>
      <property id="config.bsp.fsp.mcu.canfd.min_nominal_timeseg1" value="4"/>
      <property id="config.bsp.fsp.mcu.canfd.max_nominal_timeseg1" value="128"/>
      <property id="config.bsp.fsp.mcu.canfd.max_nominal_timeseg2" value="32"/>
      <property id="config.bsp.fsp.mcu.canfd.max_nominal_sync_jump_width" value="32"/>
      <property id="config.bsp.fsp.mcu.canfd.max_data_prescaler" value="256"/>
      <property id="config.bsp.fsp.mcu.canfd.max_data_timeseg1" value="16"/>
      <property id="config.bsp.fsp.mcu.canfd.max_data_timeseg2" value="8"/>
      <property id="config.bsp.fsp.mcu.canfd.max_data_sync_jump_width" value="8"/>
      <property id="config.bsp.fsp.mcu.sci_uart.max_baud" value="12500000"/>
      <property id="config.bsp.fsp.mcu.spi.max_bitrate" value="25000000"/>
      <property id="config.bsp.fsp.mstp_change_delays" value="config.bsp.fsp.mstp_change_delays.enabled"/>
      <property id="config.bsp.fsp.settling_delay_us" value="150"/>
    </config>
    <config id="config.bsp.rz">
      <property id="config.bsp.common.secure_stack" value="0x200"/>
      <property id="config.bsp.common.main" value="0x200"/>
      <property id="config.bsp.common.heap" value="0"/>
      <property id="config.bsp.common.vcc" value="3300"/>
      <property id="config.bsp.common.checking" value="config.bsp.common.checking.disabled"/>
      <property id="config.bsp.common.assert" value="config.bsp.common.assert.none"/>
      <property id="config.bsp.common.error_log" value="config.bsp.common.error_log.none"/>
      <property id="config.bsp.common.pfs_protect" value="config.bsp.common.pfs_protect.enabled"/>
      <property id="config.bsp.common.c_runtime_init" value="config.bsp.common.c_runtime_init.enabled"/>
    </config>
  </raBspConfiguration>
  <raClockConfiguration>
    <node id="board.clock.osc.freq" option="board.clock.osc.freq.value"/>
    <node id="board.clock.pll1" mul="1000000000" option="_edit"/>
    <node id="board.clock.dummy1" option="board.clock.dummy1.freq"/>
    <node id="board.clock.iclk.div" option="board.clock.iclk.div.1"/>
    <node id="board.clock.iclk.display" option="board.clock.iclk.display.value"/>
    <node id="board.clock.pll2_1600" mul="1600000000" option="_edit"/>
    <node id="board.clock.dummy2" option="board.clock.dummy2.freq"/>
    <node id="board.clock.pll2_1600.div1" option="board.clock.pll2_1600.div1.2"/>
    <node id="board.clock.pll2_1600.div2" option="board.clock.pll2_1600.div2.2"/>
    <node id="board.clock.pll2_533" mul="533000000" option="_edit"/>
    <node id="board.clock.dummy3" option="board.clock.dummy3.freq"/>
    <node id="board.clock.sd0clk.sel" option="board.clock.sd0clk.sel.400"/>
    <node id="board.clock.sd0clk.display" option="board.clock.sd0clk.display.value"/>
    <node id="board.clock.pll2_533.div1" option="board.clock.pll2_533.div1.2"/>
    <node id="board.clock.sd1clk.sel" option="board.clock.sd1clk.sel.400"/>
    <node id="board.clock.sd1clk.display" option="board.clock.sd1clk.display.value"/>
    <node id="board.clock.pll2_1600.div3" option="board.clock.pll2_1600.div3.8"/>
    <node id="board.clock.p0clk.div" option="board.clock.p0clk.div.1"/>
    <node id="board.clock.p0clk.display" option="board.clock.p0clk.display.value"/>
    <node id="board.clock.pll2_1600.div4" option="board.clock.pll2_1600.div4.10"/>
    <node id="board.clock.tsuclk.display" option="board.clock.tsuclk.display.value"/>
    <node id="board.clock.pll3_1600" mul="1600000000" option="_edit"/>
    <node id="board.clock.dummy4" option="board.clock.dummy4.freq"/>
    <node id="board.clock.pll3_1600.div1" option="board.clock.pll3_1600.div1.2"/>
    <node id="board.clock.pll3_1600.div2" option="board.clock.pll3_1600.div2.2"/>
    <node id="board.clock.atclk.display" option="board.clock.atclk.display.value"/>
    <node id="board.clock.pll3_1600.div3" option="board.clock.pll3_1600.div3.4"/>
    <node id="board.clock.i2clk.div" option="board.clock.i2clk.div.1"/>
    <node id="board.clock.i2clk.display" option="board.clock.i2clk.display.value"/>
    <node id="board.clock.p1clk.div" option="board.clock.p1clk.div.1"/>
    <node id="board.clock.p1clk.display" option="board.clock.p1clk.display.value"/>
    <node id="board.clock.m0clk.display" option="board.clock.m0clk.display.value"/>
    <node id="board.clock.pll3_1600.div4" option="board.clock.pll3_1600.div4.2"/>
    <node id="board.clock.ztclk.display" option="board.clock.ztclk.display.value"/>
    <node id="board.clock.p2clk.div" option="board.clock.p2clk.div.1"/>
    <node id="board.clock.p2clk.display" option="board.clock.p2clk.display.value"/>
    <node id="board.clock.pll3_533" mul="533000000" option="_edit"/>
    <node id="board.clock.dummy5" option="board.clock.dummy5.freq"/>
    <node id="board.clock.sel_pll3_3.sel" option="board.clock.sel_pll3_3.sel.533"/>
    <node id="board.clock.div_pll3_c.div" option="board.clock.div_pll3_c.div.2"/>
    <node id="board.clock.div_pll3_c.div.div1" option="board.clock.div_pll3_c.div.div1.2"/>
    <node id="board.clock.spi0clk.display" option="board.clock.spi0clk.display.value"/>
    <node id="board.clock.spi0clk.qspi0spclk.display" option="board.clock.spi0clk.qspi0spclk.display.value"/>
    <node id="board.clock.pll3_400" mul="400000000" option="_edit"/>
    <node id="board.clock.dummy6" option="board.clock.dummy6.freq"/>
    <node id="board.clock.div_pll3_c.div.div2" option="board.clock.div_pll3_c.div.div2.2"/>
    <node id="board.clock.spi1clk.display" option="board.clock.spi1clk.display.value"/>
    <node id="board.clock.pll3_533.div1" option="board.clock.pll3_533.div1.2"/>
    <node id="board.clock.m2clk.display" option="board.clock.m2clk.display.value"/>
    <node id="board.clock.sel_pll3_5.sel" option="board.clock.sel_pll3_5.sel.400"/>
    <node id="board.clock.div_pll3_f.div" option="board.clock.div_pll3_f.div.1"/>
    <node id="board.clock.div_pll3_f.div.div1" option="board.clock.div_pll3_f.div.div1.2"/>
    <node id="board.clock.oc0clk.display" option="board.clock.oc0clk.display.value"/>
    <node id="board.clock.oc0clk.qspi0spclk.display" option="board.clock.oc0clk.qspi0spclk.display.value"/>
    <node id="board.clock.osc.div" option="board.clock.osc.div.1000"/>
    <node id="board.clock.div_pll3_f.div.div2" option="board.clock.div_pll3_f.div.div2.2"/>
    <node id="board.clock.oc1clk.display" option="board.clock.oc1clk.display.value"/>
    <node id="board.clock.pll4" option="board.clock.pll4.1600"/>
    <node id="board.clock.sel_pll4.sel" option="board.clock.sel_pll4.sel.1600"/>
    <node id="board.clock.sel_pll4.div" option="board.clock.sel_pll4.div.2"/>
    <node id="board.clock.s0clk.display" option="board.clock.s0clk.display.value"/>
    <node id="board.clock.pll5_1500" mul="1500000000" option="_edit"/>
    <node id="board.clock.dummy8" option="board.clock.dummy8.freq"/>
    <node id="board.clock.div_dsi_a.div" option="board.clock.div_dsi_a.div.2"/>
    <node id="board.clock.div_dsi_b.div" option="board.clock.div_dsi_b.div.1"/>
    <node id="board.clock.m3clk.display" option="board.clock.m3clk.display.value"/>
    <node id="board.clock.pll5_500" mul="500000000" option="_edit"/>
    <node id="board.clock.dummy9" option="board.clock.dummy9.freq"/>
    <node id="board.clock.pll5_500.div" option="board.clock.pll5_500.div.2"/>
    <node id="board.clock.pll6" mul="500000000" option="_edit"/>
    <node id="board.clock.dummy10" option="board.clock.dummy10.freq"/>
    <node id="board.clock.pll6.div" option="board.clock.pll6.div.2"/>
    <node id="board.clock.sel_pll6_2.sel" option="board.clock.sel_pll6_2.sel.pll6.250"/>
    <node id="board.clock.hpclk.display" option="board.clock.hpclk.display.value"/>
  </raClockConfiguration>
  <raComponentSelection>
    <component apiversion="" class="BSP" condition="" group="Board" subgroup="rza3ul_smarc_qspi" variant="" vendor="Renesas" version="3.0.0">
      <description>RZ/A3UL Evaluation Board Kit QSPI Edition (Exec with DDR SDRAM) Board Support Files</description>
      <originalPack>Renesas.RZA_board_rza3ul_smarc_qspi.3.0.0.pack</originalPack>
    </component>
    <component apiversion="" class="BSP" condition="" group="rza3ul" subgroup="device" variant="R9A07G063U02GBG" vendor="Renesas" version="3.0.0">
      <description>Board support package for R9A07G063U02GBG</description>
      <originalPack>Renesas.RZA_mcu_rza3ul.3.0.0.pack</originalPack>
    </component>
    <component apiversion="" class="BSP" condition="" group="rza3ul" subgroup="device" variant="" vendor="Renesas" version="3.0.0">
      <description>Board support package for RZA3UL</description>
      <originalPack>Renesas.RZA_mcu_rza3ul.3.0.0.pack</originalPack>
    </component>
    <component apiversion="" class="BSP" condition="" group="rza3ul" subgroup="fsp" variant="" vendor="Renesas" version="3.0.0">
      <description>Board support package for RZ/A3UL (RZ/A3UL) - FSP Data</description>
      <originalPack>Renesas.RZA_mcu_rza3ul.3.0.0.pack</originalPack>
    </component>
    <component apiversion="" class="Common" condition="" group="all" subgroup="fsp_common" variant="" vendor="Renesas" version="3.0.0">
      <description>Board Support Package Common Files</description>
      <originalPack>Renesas.RZA.3.0.0.pack</originalPack>
    </component>
    <component apiversion="" class="HAL Drivers" condition="" group="all" subgroup="r_ioport" variant="" vendor="Renesas" version="3.0.0">
      <description>I/O Port</description>
      <originalPack>Renesas.RZA.3.0.0.pack</originalPack>
    </component>
    <component apiversion="" class="HAL Drivers" condition="" group="all" subgroup="r_mmu" variant="" vendor="Renesas" version="3.0.0">
      <description>Memory Management Unit</description>
      <originalPack>Renesas.RZA.3.0.0.pack</originalPack>
    </component>
    <component apiversion="" class="HAL Drivers" condition="" group="all" subgroup="r_usb_basic" variant="" vendor="Renesas" version="3.0.0">
      <description>USB Basic</description>
      <originalPack>Renesas.RZA.3.0.0.pack</originalPack>
    </component>
    <component apiversion="" class="HAL Drivers" condition="" group="all" subgroup="r_usb_pcdc" variant="" vendor="Renesas" version="3.0.0">
      <description>USB Peripheral Communication Device Class</description>
      <originalPack>Renesas.RZA.3.0.0.pack</originalPack>
    </component>
  </raComponentSelection>
  <raElcConfiguration/>
  <raIcuConfiguration/>
  <raModuleConfiguration>
    <module id="module.driver.ioport_on_ioport.0">
      <property id="module.driver.ioport.name" value="g_ioport"/>
      <property id="module.driver.ioport.pincfg" value="g_bsp_pin_cfg"/>
    </module>
    <module id="module.driver.mmu_on_mmu.0">
      <property id="module.driver.mmu.name" value="g_mmu"/>
    </module>
    <module id="module.driver.pcdc_on_usb.1136402977">
      <property id="module.driver.pcdc.name" value="g_pcdc0"/>
    </module>
    <module id="module.driver.basic_on_usb.1415309913">
      <property id="module.driver.basic.name" value="g_basic0"/>
      <property id="module.driver.usb_basic.usb_mode" value="module.driver.usb_basic.usb_mode.host"/>
      <property id="module.driver.usb_basic.usb_speed" value="module.driver.usb_basic.usb_speed.hs"/>
      <property id="module.driver.usb_basic.usb_modulenumber" value="module.driver.usb_basic.usb_modulenumber.0"/>
      <property id="module.driver.usb_basic.usb_classtype" value="module.driver.usb_basic.usb_classtype.pcdc"/>
      <property id="module.driver.usb_basic.p_usb_reg" value="g_usb_descriptor"/>
      <property id="module.driver.usb_basic.complience_cb" value="NULL"/>
      <property id="module.driver.usb_basic.ch0_ipl" value="24"/>
      <property id="module.driver.usb_basic.ch0_ipl_d0" value="24"/>
      <property id="module.driver.usb_basic.ch0_ipl_d1" value="24"/>
      <property id="module.driver.usb_basic.rtos_callback" value="NULL"/>
      <property id="module.driver.usb_basic.other_context" value="NULL"/>
    </module>
    <context id="_hal.0">
      <stack module="module.driver.ioport_on_ioport.0"/>
      <stack module="module.driver.mmu_on_mmu.0"/>
      <stack module="module.driver.pcdc_on_usb.1136402977">
        <stack module="module.driver.basic_on_usb.1415309913" requires="module.driver.basic_on_usb.requires.basic"/>
      </stack>
    </context>
    <config id="config.driver.usb_basic">
      <property id="config.driver.usb_basic.param_checking_enable" value="config.driver.usb_basic.param_checking_enable.bsp"/>
      <property id="config.driver.usb_basic.buswait" value="config.driver.usb_basic.buswait.7"/>
      <property id="config.driver.usb_basic.power_source" value="config.driver.usb_basic.power_source.high"/>
      <property id="config.driver.usb_basic.request" value="config.driver.usb_basic.request.enable"/>
      <property id="config.driver.usb_basic.dblb" value="config.driver.usb_basic.dblb.enable"/>
      <property id="config.driver.usb_basic.cntmd" value="config.driver.usb_basic.cntmd.disable"/>
      <property id="config.driver.usb_basic.dma" value="config.driver.usb_basic.dma.disable"/>
      <property id="config.driver.usb_basic.compliance_mode" value="config.driver.usb_basic.compliance_mode.disable"/>
      <property id="config.driver.usb_basic.tpl_table" value="NULL"/>
    </config>
    <config id="config.driver.usb_pcdc">
      <property id="config.driver.usb_pcdc.bulk_in" value="config.driver.usb_pcdc.bulk_in.pipe1"/>
      <property id="config.driver.usb_pcdc.bulk_out" value="config.driver.usb_pcdc.bulk_out.pipe2"/>
      <property id="config.driver.usb_pcdc.int_in" value="config.driver.usb_pcdc.int_in.pipe6"/>
    </config>
    <config id="config.driver.usb_pcdc_class"/>
    <config id="config.driver.mmu">
      <property id="config.driver.mmu.checking" value="config.driver.mmu.checking.system"/>
    </config>
    <config id="config.driver.ioport">
      <property id="config.driver.ioport.checking" value="config.driver.ioport.checking.system"/>
    </config>
  </raModuleConfiguration>
  <raPinConfiguration>
    <pincfg active="true" name="RZA3UL-SMARC-QSPI-XIP" selected="true" symbol="g_bsp_pin_cfg">
      <configSetting altId="audio_clk1.ssi.audio_clk1" configurationId="audio_clk1"/>
      <configSetting altId="audio_clk1.other_inen.inen.enable" configurationId="audio_clk1.other_inen"/>
      <configSetting altId="audio_clk2.ssi.audio_clk2" configurationId="audio_clk2"/>
      <configSetting altId="audio_clk2.other_inen.inen.enable" configurationId="audio_clk2.other_inen"/>
      <configSetting altId="csi.csi_clk_dash.csi_clk_minus" configurationId="csi.csi_clk_minus"/>
      <configSetting altId="csi.csi_clk_plus.csi_clk_plus" configurationId="csi.csi_clk_plus"/>
      <configSetting altId="csi.csi_data0_dash.csi_data0_minus" configurationId="csi.csi_data0_minus"/>
      <configSetting altId="csi.csi_data0_plus.csi_data0_plus" configurationId="csi.csi_data0_plus"/>
      <configSetting altId="csi.csi_data1_dash.csi_data1_minus" configurationId="csi.csi_data1_minus"/>
      <configSetting altId="csi.csi_data1_plus.csi_data1_minus" configurationId="csi.csi_data1_plus"/>
      <configSetting altId="csi.csi_data2_dash.csi_data2_minus" configurationId="csi.csi_data2_minus"/>
      <configSetting altId="csi.csi_data2_plus.csi_data2_plus" configurationId="csi.csi_data2_plus"/>
      <configSetting altId="csi.csi_data3_dash.csi_data3_minus" configurationId="csi.csi_data3_minus"/>
      <configSetting altId="csi.csi_data3_plus.csi_data3_plus" configurationId="csi.csi_data3_plus"/>
      <configSetting altId="csi.mode.custom.free" configurationId="csi.mode"/>
      <configSetting altId="csi_clk_dash.csi.csi_clk_minus" configurationId="csi_clk_minus"/>
      <configSetting altId="csi_clk_plus.csi.csi_clk_plus" configurationId="csi_clk_plus"/>
      <configSetting altId="csi_data0_dash.csi.csi_data0_minus" configurationId="csi_data0_minus"/>
      <configSetting altId="csi_data0_plus.csi.csi_data0_plus" configurationId="csi_data0_plus"/>
      <configSetting altId="csi_data1_dash.csi.csi_data1_minus" configurationId="csi_data1_minus"/>
      <configSetting altId="csi_data2_dash.csi.csi_data2_minus" configurationId="csi_data2_minus"/>
      <configSetting altId="csi_data2_plus.csi.csi_data2_plus" configurationId="csi_data2_plus"/>
      <configSetting altId="csi_data3_dash.csi.csi_data3_minus" configurationId="csi_data3_minus"/>
      <configSetting altId="csi_data3_plus.csi.csi_data3_plus" configurationId="csi_data3_plus"/>
      <configSetting altId="display.disp_clk.p11_3" configurationId="display.disp_clk"/>
      <configSetting altId="display.disp_data0.p11_2" configurationId="display.disp_data0"/>
      <configSetting altId="display.disp_data1.p13_1" configurationId="display.disp_data1"/>
      <configSetting altId="display.disp_data10.p16_0" configurationId="display.disp_data10"/>
      <configSetting altId="display.disp_data11.p15_0" configurationId="display.disp_data11"/>
      <configSetting altId="display.disp_data12.p16_1" configurationId="display.disp_data12"/>
      <configSetting altId="display.disp_data13.p15_1" configurationId="display.disp_data13"/>
      <configSetting altId="display.disp_data14.p15_3" configurationId="display.disp_data14"/>
      <configSetting altId="display.disp_data15.p18_0" configurationId="display.disp_data15"/>
      <configSetting altId="display.disp_data16.p15_2" configurationId="display.disp_data16"/>
      <configSetting altId="display.disp_data17.p17_0" configurationId="display.disp_data17"/>
      <configSetting altId="display.disp_data18.p17_2" configurationId="display.disp_data18"/>
      <configSetting altId="display.disp_data19.p17_1" configurationId="display.disp_data19"/>
      <configSetting altId="display.disp_data2.p13_0" configurationId="display.disp_data2"/>
      <configSetting altId="display.disp_data20.p18_1" configurationId="display.disp_data20"/>
      <configSetting altId="display.disp_data21.p18_2" configurationId="display.disp_data21"/>
      <configSetting altId="display.disp_data22.p17_3" configurationId="display.disp_data22"/>
      <configSetting altId="display.disp_data23.p18_3" configurationId="display.disp_data23"/>
      <configSetting altId="display.disp_data3.p13_4" configurationId="display.disp_data3"/>
      <configSetting altId="display.disp_data4.p13_3" configurationId="display.disp_data4"/>
      <configSetting altId="display.disp_data5.p12_1" configurationId="display.disp_data5"/>
      <configSetting altId="display.disp_data6.p13_2" configurationId="display.disp_data6"/>
      <configSetting altId="display.disp_data7.p14_0" configurationId="display.disp_data7"/>
      <configSetting altId="display.disp_data8.p14_2" configurationId="display.disp_data8"/>
      <configSetting altId="display.disp_data9.p14_1" configurationId="display.disp_data9"/>
      <configSetting altId="display.disp_de.p11_1" configurationId="display.disp_de"/>
      <configSetting altId="display.disp_hsync.p11_0" configurationId="display.disp_hsync"/>
      <configSetting altId="display.disp_vsync.p12_0" configurationId="display.disp_vsync"/>
      <configSetting altId="display.mode.custom.free" configurationId="display.mode"/>
      <configSetting altId="ether1.et1_linksta.p10_4" configurationId="ether1.et1_linksta"/>
      <configSetting altId="ether1.et1_mdc.p10_2" configurationId="ether1.et1_mdc"/>
      <configSetting altId="ether1.et1_mdio.p10_3" configurationId="ether1.et1_mdio"/>
      <configSetting altId="ether1.et1_rx_ctl_rx_dv.p9_0" configurationId="ether1.et1_rx_ctl_rx_dv"/>
      <configSetting altId="ether1.et1_rxc_rx_clk.p8_4" configurationId="ether1.et1_rxc_rx_clk"/>
      <configSetting altId="ether1.et1_rxd0.p9_1" configurationId="ether1.et1_rxd0"/>
      <configSetting altId="ether1.et1_rxd1.p9_2" configurationId="ether1.et1_rxd1"/>
      <configSetting altId="ether1.et1_rxd2.p9_3" configurationId="ether1.et1_rxd2"/>
      <configSetting altId="ether1.et1_rxd3.p10_0" configurationId="ether1.et1_rxd3"/>
      <configSetting altId="ether1.et1_tx_ctl_tx_en.p7_1" configurationId="ether1.et1_tx_ctl_tx_en"/>
      <configSetting altId="ether1.et1_txc_tx_clk.p7_0" configurationId="ether1.et1_txc_tx_clk"/>
      <configSetting altId="ether1.et1_txd0.p7_2" configurationId="ether1.et1_txd0"/>
      <configSetting altId="ether1.et1_txd1.p7_3" configurationId="ether1.et1_txd1"/>
      <configSetting altId="ether1.et1_txd2.p7_4" configurationId="ether1.et1_txd2"/>
      <configSetting altId="ether1.et1_txd3.p8_0" configurationId="ether1.et1_txd3"/>
      <configSetting altId="ether1.mode.rgmii.free" configurationId="ether1.mode"/>
      <configSetting altId="p10_0.ether1.et1_rxd3" configurationId="p10_0"/>
      <configSetting altId="p10_0.gpio_mode.gpio_mode_peripheral" configurationId="p10_0.gpio_mode"/>
      <configSetting altId="p10_2.ether1.et1_mdc" configurationId="p10_2"/>
      <configSetting altId="p10_2.gpio_mode.gpio_mode_peripheral" configurationId="p10_2.gpio_mode"/>
      <configSetting altId="p10_3.ether1.et1_mdio" configurationId="p10_3"/>
      <configSetting altId="p10_3.gpio_mode.gpio_mode_peripheral" configurationId="p10_3.gpio_mode"/>
      <configSetting altId="p10_4.ether1.et1_linksta" configurationId="p10_4"/>
      <configSetting altId="p10_4.gpio_mode.gpio_mode_peripheral" configurationId="p10_4.gpio_mode"/>
      <configSetting altId="p11_0.display.disp_hsync" configurationId="p11_0"/>
      <configSetting altId="p11_0.gpio_mode.gpio_mode_peripheral" configurationId="p11_0.gpio_mode"/>
      <configSetting altId="p11_1.display.disp_de" configurationId="p11_1"/>
      <configSetting altId="p11_1.gpio_mode.gpio_mode_peripheral" configurationId="p11_1.gpio_mode"/>
      <configSetting altId="p11_2.display.disp_data0" configurationId="p11_2"/>
      <configSetting altId="p11_2.gpio_mode.gpio_mode_peripheral" configurationId="p11_2.gpio_mode"/>
      <configSetting altId="p11_3.display.disp_clk" configurationId="p11_3"/>
      <configSetting altId="p11_3.gpio_mode.gpio_mode_peripheral" configurationId="p11_3.gpio_mode"/>
      <configSetting altId="p12_0.display.disp_vsync" configurationId="p12_0"/>
      <configSetting altId="p12_0.gpio_mode.gpio_mode_peripheral" configurationId="p12_0.gpio_mode"/>
      <configSetting altId="p12_1.display.disp_data5" configurationId="p12_1"/>
      <configSetting altId="p12_1.gpio_mode.gpio_mode_peripheral" configurationId="p12_1.gpio_mode"/>
      <configSetting altId="p13_0.display.disp_data2" configurationId="p13_0"/>
      <configSetting altId="p13_0.gpio_mode.gpio_mode_peripheral" configurationId="p13_0.gpio_mode"/>
      <configSetting altId="p13_1.display.disp_data1" configurationId="p13_1"/>
      <configSetting altId="p13_1.gpio_mode.gpio_mode_peripheral" configurationId="p13_1.gpio_mode"/>
      <configSetting altId="p13_2.display.disp_data6" configurationId="p13_2"/>
      <configSetting altId="p13_2.gpio_mode.gpio_mode_peripheral" configurationId="p13_2.gpio_mode"/>
      <configSetting altId="p13_3.display.disp_data4" configurationId="p13_3"/>
      <configSetting altId="p13_3.gpio_mode.gpio_mode_peripheral" configurationId="p13_3.gpio_mode"/>
      <configSetting altId="p13_4.display.disp_data3" configurationId="p13_4"/>
      <configSetting altId="p13_4.gpio_mode.gpio_mode_peripheral" configurationId="p13_4.gpio_mode"/>
      <configSetting altId="p14_0.display.disp_data7" configurationId="p14_0"/>
      <configSetting altId="p14_0.gpio_mode.gpio_mode_peripheral" configurationId="p14_0.gpio_mode"/>
      <configSetting altId="p14_1.display.disp_data9" configurationId="p14_1"/>
      <configSetting altId="p14_1.gpio_mode.gpio_mode_peripheral" configurationId="p14_1.gpio_mode"/>
      <configSetting altId="p14_2.display.disp_data8" configurationId="p14_2"/>
      <configSetting altId="p14_2.gpio_mode.gpio_mode_peripheral" configurationId="p14_2.gpio_mode"/>
      <configSetting altId="p15_0.display.disp_data11" configurationId="p15_0"/>
      <configSetting altId="p15_0.gpio_mode.gpio_mode_peripheral" configurationId="p15_0.gpio_mode"/>
      <configSetting altId="p15_1.display.disp_data13" configurationId="p15_1"/>
      <configSetting altId="p15_1.gpio_mode.gpio_mode_peripheral" configurationId="p15_1.gpio_mode"/>
      <configSetting altId="p15_2.display.disp_data16" configurationId="p15_2"/>
      <configSetting altId="p15_2.gpio_mode.gpio_mode_peripheral" configurationId="p15_2.gpio_mode"/>
      <configSetting altId="p15_3.display.disp_data14" configurationId="p15_3"/>
      <configSetting altId="p15_3.gpio_mode.gpio_mode_peripheral" configurationId="p15_3.gpio_mode"/>
      <configSetting altId="p16_0.display.disp_data10" configurationId="p16_0"/>
      <configSetting altId="p16_0.gpio_mode.gpio_mode_peripheral" configurationId="p16_0.gpio_mode"/>
      <configSetting altId="p16_1.display.disp_data12" configurationId="p16_1"/>
      <configSetting altId="p16_1.gpio_mode.gpio_mode_peripheral" configurationId="p16_1.gpio_mode"/>
      <configSetting altId="p17_0.display.disp_data17" configurationId="p17_0"/>
      <configSetting altId="p17_0.gpio_mode.gpio_mode_peripheral" configurationId="p17_0.gpio_mode"/>
      <configSetting altId="p17_1.display.disp_data19" configurationId="p17_1"/>
      <configSetting altId="p17_1.gpio_mode.gpio_mode_peripheral" configurationId="p17_1.gpio_mode"/>
      <configSetting altId="p17_2.display.disp_data18" configurationId="p17_2"/>
      <configSetting altId="p17_2.gpio_mode.gpio_mode_peripheral" configurationId="p17_2.gpio_mode"/>
      <configSetting altId="p17_3.display.disp_data22" configurationId="p17_3"/>
      <configSetting altId="p17_3.gpio_mode.gpio_mode_peripheral" configurationId="p17_3.gpio_mode"/>
      <configSetting altId="p18_0.display.disp_data15" configurationId="p18_0"/>
      <configSetting altId="p18_0.gpio_mode.gpio_mode_peripheral" configurationId="p18_0.gpio_mode"/>
      <configSetting altId="p18_1.display.disp_data20" configurationId="p18_1"/>
      <configSetting altId="p18_1.gpio_mode.gpio_mode_peripheral" configurationId="p18_1.gpio_mode"/>
      <configSetting altId="p18_2.display.disp_data21" configurationId="p18_2"/>
      <configSetting altId="p18_2.gpio_mode.gpio_mode_peripheral" configurationId="p18_2.gpio_mode"/>
      <configSetting altId="p18_3.display.disp_data23" configurationId="p18_3"/>
      <configSetting altId="p18_3.gpio_mode.gpio_mode_peripheral" configurationId="p18_3.gpio_mode"/>
      <configSetting altId="p3_0.ssi1.ssi1_bck" configurationId="p3_0"/>
      <configSetting altId="p3_0.gpio_mode.gpio_mode_peripheral" configurationId="p3_0.gpio_mode"/>
      <configSetting altId="p3_1.ssi1.ssi1_rck" configurationId="p3_1"/>
      <configSetting altId="p3_1.gpio_mode.gpio_mode_peripheral" configurationId="p3_1.gpio_mode"/>
      <configSetting altId="p3_2.ssi1.ssi1_txd" configurationId="p3_2"/>
      <configSetting altId="p3_2.gpio_mode.gpio_mode_peripheral" configurationId="p3_2.gpio_mode"/>
      <configSetting altId="p3_3.ssi1.ssi1_rxd" configurationId="p3_3"/>
      <configSetting altId="p3_3.gpio_mode.gpio_mode_peripheral" configurationId="p3_3.gpio_mode"/>
      <configSetting altId="p5_0.usb0.usb0_vbusen" configurationId="p5_0"/>
      <configSetting altId="p5_0.gpio_mode.gpio_mode_peripheral" configurationId="p5_0.gpio_mode"/>
      <configSetting altId="p5_2.usb0.usb0_ovrcur" configurationId="p5_2"/>
      <configSetting altId="p5_2.gpio_mode.gpio_mode_peripheral" configurationId="p5_2.gpio_mode"/>
      <configSetting altId="p6_0.usb1.usb1_vbusen" configurationId="p6_0"/>
      <configSetting altId="p6_0.gpio_mode.gpio_mode_peripheral" configurationId="p6_0.gpio_mode"/>
      <configSetting altId="p6_1.usb1.usb1_ovrcur" configurationId="p6_1"/>
      <configSetting altId="p6_1.gpio_mode.gpio_mode_peripheral" configurationId="p6_1.gpio_mode"/>
      <configSetting altId="p6_3.scif0.scif0_rxd" configurationId="p6_3"/>
      <configSetting altId="p6_3.gpio_mode.gpio_mode_peripheral" configurationId="p6_3.gpio_mode"/>
      <configSetting altId="p6_3.sr.sr.slow" configurationId="p6_3.sr"/>
      <configSetting altId="p6_4.scif0.scif0_txd" configurationId="p6_4"/>
      <configSetting altId="p6_4.gpio_mode.gpio_mode_peripheral" configurationId="p6_4.gpio_mode"/>
      <configSetting altId="p6_4.sr.sr.slow" configurationId="p6_4.sr"/>
      <configSetting altId="p7_0.ether1.et1_txc_tx_clk" configurationId="p7_0"/>
      <configSetting altId="p7_0.gpio_mode.gpio_mode_peripheral" configurationId="p7_0.gpio_mode"/>
      <configSetting altId="p7_1.ether1.et1_tx_ctl_tx_en" configurationId="p7_1"/>
      <configSetting altId="p7_1.gpio_mode.gpio_mode_peripheral" configurationId="p7_1.gpio_mode"/>
      <configSetting altId="p7_2.ether1.et1_txd0" configurationId="p7_2"/>
      <configSetting altId="p7_2.gpio_mode.gpio_mode_peripheral" configurationId="p7_2.gpio_mode"/>
      <configSetting altId="p7_3.ether1.et1_txd1" configurationId="p7_3"/>
      <configSetting altId="p7_3.gpio_mode.gpio_mode_peripheral" configurationId="p7_3.gpio_mode"/>
      <configSetting altId="p7_4.ether1.et1_txd2" configurationId="p7_4"/>
      <configSetting altId="p7_4.gpio_mode.gpio_mode_peripheral" configurationId="p7_4.gpio_mode"/>
      <configSetting altId="p8_0.ether1.et1_txd3" configurationId="p8_0"/>
      <configSetting altId="p8_0.gpio_mode.gpio_mode_peripheral" configurationId="p8_0.gpio_mode"/>
      <configSetting altId="p8_4.ether1.et1_rxc_rx_clk" configurationId="p8_4"/>
      <configSetting altId="p8_4.gpio_mode.gpio_mode_peripheral" configurationId="p8_4.gpio_mode"/>
      <configSetting altId="p9_0.ether1.et1_rx_ctl_rx_dv" configurationId="p9_0"/>
      <configSetting altId="p9_0.gpio_mode.gpio_mode_peripheral" configurationId="p9_0.gpio_mode"/>
      <configSetting altId="p9_1.ether1.et1_rxd0" configurationId="p9_1"/>
      <configSetting altId="p9_1.gpio_mode.gpio_mode_peripheral" configurationId="p9_1.gpio_mode"/>
      <configSetting altId="p9_2.ether1.et1_rxd1" configurationId="p9_2"/>
      <configSetting altId="p9_2.gpio_mode.gpio_mode_peripheral" configurationId="p9_2.gpio_mode"/>
      <configSetting altId="p9_3.ether1.et1_rxd2" configurationId="p9_3"/>
      <configSetting altId="p9_3.gpio_mode.gpio_mode_peripheral" configurationId="p9_3.gpio_mode"/>
      <configSetting altId="riic0.mode.custom.free" configurationId="riic0.mode"/>
      <configSetting altId="riic0.riic0_scl.riic0_scl" configurationId="riic0.riic0_scl"/>
      <configSetting altId="riic0.riic0_sda.riic0_sda" configurationId="riic0.riic0_sda"/>
      <configSetting altId="riic0_scl.riic0.riic0_scl" configurationId="riic0_scl"/>
      <configSetting altId="riic0_scl.other_inen.inen.enable" configurationId="riic0_scl.other_inen"/>
      <configSetting altId="riic0_sda.riic0.riic0_sda" configurationId="riic0_sda"/>
      <configSetting altId="riic0_sda.other_inen.inen.enable" configurationId="riic0_sda.other_inen"/>
      <configSetting altId="riic1.mode.custom.free" configurationId="riic1.mode"/>
      <configSetting altId="riic1.riic1_scl.riic1_scl" configurationId="riic1.riic1_scl"/>
      <configSetting altId="riic1.riic1_sda.riic1_sda" configurationId="riic1.riic1_sda"/>
      <configSetting altId="riic1_scl.riic1.riic1_scl" configurationId="riic1_scl"/>
      <configSetting altId="riic1_scl.other_inen.inen.enable" configurationId="riic1_scl.other_inen"/>
      <configSetting altId="riic1_sda.riic1.riic1_sda" configurationId="riic1_sda"/>
      <configSetting altId="riic1_sda.other_inen.inen.enable" configurationId="riic1_sda.other_inen"/>
      <configSetting altId="scif0.mode.custom.free" configurationId="scif0.mode"/>
      <configSetting altId="scif0.scif0_rxd.p6_3" configurationId="scif0.scif0_rxd"/>
      <configSetting altId="scif0.scif0_txd.p6_4" configurationId="scif0.scif0_txd"/>
      <configSetting altId="ssi.audio_clk1.audio_clk1" configurationId="ssi.audio_clk1"/>
      <configSetting altId="ssi.audio_clk2.audio_clk2" configurationId="ssi.audio_clk2"/>
      <configSetting altId="ssi.mode.custom.free" configurationId="ssi.mode"/>
      <configSetting altId="ssi1.mode.custom.free" configurationId="ssi1.mode"/>
      <configSetting altId="ssi1.ssi1_bck.p3_0" configurationId="ssi1.ssi1_bck"/>
      <configSetting altId="ssi1.ssi1_rck.p3_1" configurationId="ssi1.ssi1_rck"/>
      <configSetting altId="ssi1.ssi1_rxd.p3_3" configurationId="ssi1.ssi1_rxd"/>
      <configSetting altId="ssi1.ssi1_txd.p3_2" configurationId="ssi1.ssi1_txd"/>
      <configSetting altId="usb0.mode.custom.free" configurationId="usb0.mode"/>
      <configSetting altId="usb0.usb0_dm.usb0_dm" configurationId="usb0.usb0_dm"/>
      <configSetting altId="usb0.usb0_dp.usb0_dp" configurationId="usb0.usb0_dp"/>
      <configSetting altId="usb0.usb0_ovrcur.p5_2" configurationId="usb0.usb0_ovrcur"/>
      <configSetting altId="usb0.usb0_vbusen.p5_0" configurationId="usb0.usb0_vbusen"/>
      <configSetting altId="usb0.usb0_vbusin.usb0_vbusin" configurationId="usb0.usb0_vbusin"/>
      <configSetting altId="usb0_dm.usb0.usb0_dm" configurationId="usb0_dm"/>
      <configSetting altId="usb0_dp.usb0.usb0_dp" configurationId="usb0_dp"/>
      <configSetting altId="usb0_vbusin.usb0.usb0_vbusin" configurationId="usb0_vbusin"/>
      <configSetting altId="usb1.mode.custom.free" configurationId="usb1.mode"/>
      <configSetting altId="usb1.usb1_dm.usb1_dm" configurationId="usb1.usb1_dm"/>
      <configSetting altId="usb1.usb1_dp.usb1_dp" configurationId="usb1.usb1_dp"/>
      <configSetting altId="usb1.usb1_ovrcur.p6_1" configurationId="usb1.usb1_ovrcur"/>
      <configSetting altId="usb1.usb1_vbusen.p6_0" configurationId="usb1.usb1_vbusen"/>
      <configSetting altId="usb1_dm.usb1.usb1_dm" configurationId="usb1_dm"/>
      <configSetting altId="usb1_dp.usb1.usb1_dp" configurationId="usb1_dp"/>
    </pincfg>
    <pincfg active="false" name="R9A07G063U02GBG.pincfg" selected="false" symbol=""/>
    <pincfg active="false" name="RZA3UL-SMARC-QSPI" selected="false" symbol="">
      <configSetting altId="audio_clk1.ssi.audio_clk1" configurationId="audio_clk1"/>
      <configSetting altId="audio_clk1.other_inen.inen.enable" configurationId="audio_clk1.other_inen"/>
      <configSetting altId="audio_clk2.ssi.audio_clk2" configurationId="audio_clk2"/>
      <configSetting altId="audio_clk2.other_inen.inen.enable" configurationId="audio_clk2.other_inen"/>
      <configSetting altId="csi.csi_clk_dash.csi_clk_minus" configurationId="csi.csi_clk_minus"/>
      <configSetting altId="csi.csi_clk_plus.csi_clk_plus" configurationId="csi.csi_clk_plus"/>
      <configSetting altId="csi.csi_data0_dash.csi_data0_minus" configurationId="csi.csi_data0_minus"/>
      <configSetting altId="csi.csi_data0_plus.csi_data0_plus" configurationId="csi.csi_data0_plus"/>
      <configSetting altId="csi.csi_data1_dash.csi_data1_minus" configurationId="csi.csi_data1_minus"/>
      <configSetting altId="csi.csi_data1_plus.csi_data1_minus" configurationId="csi.csi_data1_plus"/>
      <configSetting altId="csi.csi_data2_dash.csi_data2_minus" configurationId="csi.csi_data2_minus"/>
      <configSetting altId="csi.csi_data2_plus.csi_data2_plus" configurationId="csi.csi_data2_plus"/>
      <configSetting altId="csi.csi_data3_dash.csi_data3_minus" configurationId="csi.csi_data3_minus"/>
      <configSetting altId="csi.csi_data3_plus.csi_data3_plus" configurationId="csi.csi_data3_plus"/>
      <configSetting altId="csi.mode.custom.free" configurationId="csi.mode"/>
      <configSetting altId="csi_clk_dash.csi.csi_clk_minus" configurationId="csi_clk_minus"/>
      <configSetting altId="csi_clk_plus.csi.csi_clk_plus" configurationId="csi_clk_plus"/>
      <configSetting altId="csi_data0_dash.csi.csi_data0_minus" configurationId="csi_data0_minus"/>
      <configSetting altId="csi_data0_plus.csi.csi_data0_plus" configurationId="csi_data0_plus"/>
      <configSetting altId="csi_data1_dash.csi.csi_data1_minus" configurationId="csi_data1_minus"/>
      <configSetting altId="csi_data2_dash.csi.csi_data2_minus" configurationId="csi_data2_minus"/>
      <configSetting altId="csi_data2_plus.csi.csi_data2_plus" configurationId="csi_data2_plus"/>
      <configSetting altId="csi_data3_dash.csi.csi_data3_minus" configurationId="csi_data3_minus"/>
      <configSetting altId="csi_data3_plus.csi.csi_data3_plus" configurationId="csi_data3_plus"/>
      <configSetting altId="display.disp_clk.p11_3" configurationId="display.disp_clk"/>
      <configSetting altId="display.disp_data0.p11_2" configurationId="display.disp_data0"/>
      <configSetting altId="display.disp_data1.p13_1" configurationId="display.disp_data1"/>
      <configSetting altId="display.disp_data10.p16_0" configurationId="display.disp_data10"/>
      <configSetting altId="display.disp_data11.p15_0" configurationId="display.disp_data11"/>
      <configSetting altId="display.disp_data12.p16_1" configurationId="display.disp_data12"/>
      <configSetting altId="display.disp_data13.p15_1" configurationId="display.disp_data13"/>
      <configSetting altId="display.disp_data14.p15_3" configurationId="display.disp_data14"/>
      <configSetting altId="display.disp_data15.p18_0" configurationId="display.disp_data15"/>
      <configSetting altId="display.disp_data16.p15_2" configurationId="display.disp_data16"/>
      <configSetting altId="display.disp_data17.p17_0" configurationId="display.disp_data17"/>
      <configSetting altId="display.disp_data18.p17_2" configurationId="display.disp_data18"/>
      <configSetting altId="display.disp_data19.p17_1" configurationId="display.disp_data19"/>
      <configSetting altId="display.disp_data2.p13_0" configurationId="display.disp_data2"/>
      <configSetting altId="display.disp_data20.p18_1" configurationId="display.disp_data20"/>
      <configSetting altId="display.disp_data21.p18_2" configurationId="display.disp_data21"/>
      <configSetting altId="display.disp_data22.p17_3" configurationId="display.disp_data22"/>
      <configSetting altId="display.disp_data23.p18_3" configurationId="display.disp_data23"/>
      <configSetting altId="display.disp_data3.p13_4" configurationId="display.disp_data3"/>
      <configSetting altId="display.disp_data4.p13_3" configurationId="display.disp_data4"/>
      <configSetting altId="display.disp_data5.p12_1" configurationId="display.disp_data5"/>
      <configSetting altId="display.disp_data6.p13_2" configurationId="display.disp_data6"/>
      <configSetting altId="display.disp_data7.p14_0" configurationId="display.disp_data7"/>
      <configSetting altId="display.disp_data8.p14_2" configurationId="display.disp_data8"/>
      <configSetting altId="display.disp_data9.p14_1" configurationId="display.disp_data9"/>
      <configSetting altId="display.disp_de.p11_1" configurationId="display.disp_de"/>
      <configSetting altId="display.disp_hsync.p11_0" configurationId="display.disp_hsync"/>
      <configSetting altId="display.disp_vsync.p12_0" configurationId="display.disp_vsync"/>
      <configSetting altId="display.mode.custom.free" configurationId="display.mode"/>
      <configSetting altId="ether1.et1_linksta.p10_4" configurationId="ether1.et1_linksta"/>
      <configSetting altId="ether1.et1_mdc.p10_2" configurationId="ether1.et1_mdc"/>
      <configSetting altId="ether1.et1_mdio.p10_3" configurationId="ether1.et1_mdio"/>
      <configSetting altId="ether1.et1_rx_ctl_rx_dv.p9_0" configurationId="ether1.et1_rx_ctl_rx_dv"/>
      <configSetting altId="ether1.et1_rxc_rx_clk.p8_4" configurationId="ether1.et1_rxc_rx_clk"/>
      <configSetting altId="ether1.et1_rxd0.p9_1" configurationId="ether1.et1_rxd0"/>
      <configSetting altId="ether1.et1_rxd1.p9_2" configurationId="ether1.et1_rxd1"/>
      <configSetting altId="ether1.et1_rxd2.p9_3" configurationId="ether1.et1_rxd2"/>
      <configSetting altId="ether1.et1_rxd3.p10_0" configurationId="ether1.et1_rxd3"/>
      <configSetting altId="ether1.et1_tx_ctl_tx_en.p7_1" configurationId="ether1.et1_tx_ctl_tx_en"/>
      <configSetting altId="ether1.et1_txc_tx_clk.p7_0" configurationId="ether1.et1_txc_tx_clk"/>
      <configSetting altId="ether1.et1_txd0.p7_2" configurationId="ether1.et1_txd0"/>
      <configSetting altId="ether1.et1_txd1.p7_3" configurationId="ether1.et1_txd1"/>
      <configSetting altId="ether1.et1_txd2.p7_4" configurationId="ether1.et1_txd2"/>
      <configSetting altId="ether1.et1_txd3.p8_0" configurationId="ether1.et1_txd3"/>
      <configSetting altId="ether1.mode.rgmii.free" configurationId="ether1.mode"/>
      <configSetting altId="p10_0.ether1.et1_rxd3" configurationId="p10_0"/>
      <configSetting altId="p10_0.gpio_mode.gpio_mode_peripheral" configurationId="p10_0.gpio_mode"/>
      <configSetting altId="p10_2.ether1.et1_mdc" configurationId="p10_2"/>
      <configSetting altId="p10_2.gpio_mode.gpio_mode_peripheral" configurationId="p10_2.gpio_mode"/>
      <configSetting altId="p10_3.ether1.et1_mdio" configurationId="p10_3"/>
      <configSetting altId="p10_3.gpio_mode.gpio_mode_peripheral" configurationId="p10_3.gpio_mode"/>
      <configSetting altId="p10_4.ether1.et1_linksta" configurationId="p10_4"/>
      <configSetting altId="p10_4.gpio_mode.gpio_mode_peripheral" configurationId="p10_4.gpio_mode"/>
      <configSetting altId="p11_0.display.disp_hsync" configurationId="p11_0"/>
      <configSetting altId="p11_0.gpio_mode.gpio_mode_peripheral" configurationId="p11_0.gpio_mode"/>
      <configSetting altId="p11_1.display.disp_de" configurationId="p11_1"/>
      <configSetting altId="p11_1.gpio_mode.gpio_mode_peripheral" configurationId="p11_1.gpio_mode"/>
      <configSetting altId="p11_2.display.disp_data0" configurationId="p11_2"/>
      <configSetting altId="p11_2.gpio_mode.gpio_mode_peripheral" configurationId="p11_2.gpio_mode"/>
      <configSetting altId="p11_3.display.disp_clk" configurationId="p11_3"/>
      <configSetting altId="p11_3.gpio_mode.gpio_mode_peripheral" configurationId="p11_3.gpio_mode"/>
      <configSetting altId="p12_0.display.disp_vsync" configurationId="p12_0"/>
      <configSetting altId="p12_0.gpio_mode.gpio_mode_peripheral" configurationId="p12_0.gpio_mode"/>
      <configSetting altId="p12_1.display.disp_data5" configurationId="p12_1"/>
      <configSetting altId="p12_1.gpio_mode.gpio_mode_peripheral" configurationId="p12_1.gpio_mode"/>
      <configSetting altId="p13_0.display.disp_data2" configurationId="p13_0"/>
      <configSetting altId="p13_0.gpio_mode.gpio_mode_peripheral" configurationId="p13_0.gpio_mode"/>
      <configSetting altId="p13_1.display.disp_data1" configurationId="p13_1"/>
      <configSetting altId="p13_1.gpio_mode.gpio_mode_peripheral" configurationId="p13_1.gpio_mode"/>
      <configSetting altId="p13_2.display.disp_data6" configurationId="p13_2"/>
      <configSetting altId="p13_2.gpio_mode.gpio_mode_peripheral" configurationId="p13_2.gpio_mode"/>
      <configSetting altId="p13_3.display.disp_data4" configurationId="p13_3"/>
      <configSetting altId="p13_3.gpio_mode.gpio_mode_peripheral" configurationId="p13_3.gpio_mode"/>
      <configSetting altId="p13_4.display.disp_data3" configurationId="p13_4"/>
      <configSetting altId="p13_4.gpio_mode.gpio_mode_peripheral" configurationId="p13_4.gpio_mode"/>
      <configSetting altId="p14_0.display.disp_data7" configurationId="p14_0"/>
      <configSetting altId="p14_0.gpio_mode.gpio_mode_peripheral" configurationId="p14_0.gpio_mode"/>
      <configSetting altId="p14_1.display.disp_data9" configurationId="p14_1"/>
      <configSetting altId="p14_1.gpio_mode.gpio_mode_peripheral" configurationId="p14_1.gpio_mode"/>
      <configSetting altId="p14_2.display.disp_data8" configurationId="p14_2"/>
      <configSetting altId="p14_2.gpio_mode.gpio_mode_peripheral" configurationId="p14_2.gpio_mode"/>
      <configSetting altId="p15_0.display.disp_data11" configurationId="p15_0"/>
      <configSetting altId="p15_0.gpio_mode.gpio_mode_peripheral" configurationId="p15_0.gpio_mode"/>
      <configSetting altId="p15_1.display.disp_data13" configurationId="p15_1"/>
      <configSetting altId="p15_1.gpio_mode.gpio_mode_peripheral" configurationId="p15_1.gpio_mode"/>
      <configSetting altId="p15_2.display.disp_data16" configurationId="p15_2"/>
      <configSetting altId="p15_2.gpio_mode.gpio_mode_peripheral" configurationId="p15_2.gpio_mode"/>
      <configSetting altId="p15_3.display.disp_data14" configurationId="p15_3"/>
      <configSetting altId="p15_3.gpio_mode.gpio_mode_peripheral" configurationId="p15_3.gpio_mode"/>
      <configSetting altId="p16_0.display.disp_data10" configurationId="p16_0"/>
      <configSetting altId="p16_0.gpio_mode.gpio_mode_peripheral" configurationId="p16_0.gpio_mode"/>
      <configSetting altId="p16_1.display.disp_data12" configurationId="p16_1"/>
      <configSetting altId="p16_1.gpio_mode.gpio_mode_peripheral" configurationId="p16_1.gpio_mode"/>
      <configSetting altId="p17_0.display.disp_data17" configurationId="p17_0"/>
      <configSetting altId="p17_0.gpio_mode.gpio_mode_peripheral" configurationId="p17_0.gpio_mode"/>
      <configSetting altId="p17_1.display.disp_data19" configurationId="p17_1"/>
      <configSetting altId="p17_1.gpio_mode.gpio_mode_peripheral" configurationId="p17_1.gpio_mode"/>
      <configSetting altId="p17_2.display.disp_data18" configurationId="p17_2"/>
      <configSetting altId="p17_2.gpio_mode.gpio_mode_peripheral" configurationId="p17_2.gpio_mode"/>
      <configSetting altId="p17_3.display.disp_data22" configurationId="p17_3"/>
      <configSetting altId="p17_3.gpio_mode.gpio_mode_peripheral" configurationId="p17_3.gpio_mode"/>
      <configSetting altId="p18_0.display.disp_data15" configurationId="p18_0"/>
      <configSetting altId="p18_0.gpio_mode.gpio_mode_peripheral" configurationId="p18_0.gpio_mode"/>
      <configSetting altId="p18_1.display.disp_data20" configurationId="p18_1"/>
      <configSetting altId="p18_1.gpio_mode.gpio_mode_peripheral" configurationId="p18_1.gpio_mode"/>
      <configSetting altId="p18_2.display.disp_data21" configurationId="p18_2"/>
      <configSetting altId="p18_2.gpio_mode.gpio_mode_peripheral" configurationId="p18_2.gpio_mode"/>
      <configSetting altId="p18_3.display.disp_data23" configurationId="p18_3"/>
      <configSetting altId="p18_3.gpio_mode.gpio_mode_peripheral" configurationId="p18_3.gpio_mode"/>
      <configSetting altId="p3_0.ssi1.ssi1_bck" configurationId="p3_0"/>
      <configSetting altId="p3_0.gpio_mode.gpio_mode_peripheral" configurationId="p3_0.gpio_mode"/>
      <configSetting altId="p3_1.ssi1.ssi1_rck" configurationId="p3_1"/>
      <configSetting altId="p3_1.gpio_mode.gpio_mode_peripheral" configurationId="p3_1.gpio_mode"/>
      <configSetting altId="p3_2.ssi1.ssi1_txd" configurationId="p3_2"/>
      <configSetting altId="p3_2.gpio_mode.gpio_mode_peripheral" configurationId="p3_2.gpio_mode"/>
      <configSetting altId="p3_3.ssi1.ssi1_rxd" configurationId="p3_3"/>
      <configSetting altId="p3_3.gpio_mode.gpio_mode_peripheral" configurationId="p3_3.gpio_mode"/>
      <configSetting altId="p5_0.usb0.usb0_vbusen" configurationId="p5_0"/>
      <configSetting altId="p5_0.gpio_mode.gpio_mode_peripheral" configurationId="p5_0.gpio_mode"/>
      <configSetting altId="p5_2.usb0.usb0_ovrcur" configurationId="p5_2"/>
      <configSetting altId="p5_2.gpio_mode.gpio_mode_peripheral" configurationId="p5_2.gpio_mode"/>
      <configSetting altId="p6_0.usb1.usb1_vbusen" configurationId="p6_0"/>
      <configSetting altId="p6_0.gpio_mode.gpio_mode_peripheral" configurationId="p6_0.gpio_mode"/>
      <configSetting altId="p6_1.usb1.usb1_ovrcur" configurationId="p6_1"/>
      <configSetting altId="p6_1.gpio_mode.gpio_mode_peripheral" configurationId="p6_1.gpio_mode"/>
      <configSetting altId="p6_3.scif0.scif0_rxd" configurationId="p6_3"/>
      <configSetting altId="p6_3.gpio_mode.gpio_mode_peripheral" configurationId="p6_3.gpio_mode"/>
      <configSetting altId="p6_4.scif0.scif0_txd" configurationId="p6_4"/>
      <configSetting altId="p6_4.gpio_mode.gpio_mode_peripheral" configurationId="p6_4.gpio_mode"/>
      <configSetting altId="p7_0.ether1.et1_txc_tx_clk" configurationId="p7_0"/>
      <configSetting altId="p7_0.gpio_mode.gpio_mode_peripheral" configurationId="p7_0.gpio_mode"/>
      <configSetting altId="p7_1.ether1.et1_tx_ctl_tx_en" configurationId="p7_1"/>
      <configSetting altId="p7_1.gpio_mode.gpio_mode_peripheral" configurationId="p7_1.gpio_mode"/>
      <configSetting altId="p7_2.ether1.et1_txd0" configurationId="p7_2"/>
      <configSetting altId="p7_2.gpio_mode.gpio_mode_peripheral" configurationId="p7_2.gpio_mode"/>
      <configSetting altId="p7_3.ether1.et1_txd1" configurationId="p7_3"/>
      <configSetting altId="p7_3.gpio_mode.gpio_mode_peripheral" configurationId="p7_3.gpio_mode"/>
      <configSetting altId="p7_4.ether1.et1_txd2" configurationId="p7_4"/>
      <configSetting altId="p7_4.gpio_mode.gpio_mode_peripheral" configurationId="p7_4.gpio_mode"/>
      <configSetting altId="p8_0.ether1.et1_txd3" configurationId="p8_0"/>
      <configSetting altId="p8_0.gpio_mode.gpio_mode_peripheral" configurationId="p8_0.gpio_mode"/>
      <configSetting altId="p8_4.ether1.et1_rxc_rx_clk" configurationId="p8_4"/>
      <configSetting altId="p8_4.gpio_mode.gpio_mode_peripheral" configurationId="p8_4.gpio_mode"/>
      <configSetting altId="p9_0.ether1.et1_rx_ctl_rx_dv" configurationId="p9_0"/>
      <configSetting altId="p9_0.gpio_mode.gpio_mode_peripheral" configurationId="p9_0.gpio_mode"/>
      <configSetting altId="p9_1.ether1.et1_rxd0" configurationId="p9_1"/>
      <configSetting altId="p9_1.gpio_mode.gpio_mode_peripheral" configurationId="p9_1.gpio_mode"/>
      <configSetting altId="p9_2.ether1.et1_rxd1" configurationId="p9_2"/>
      <configSetting altId="p9_2.gpio_mode.gpio_mode_peripheral" configurationId="p9_2.gpio_mode"/>
      <configSetting altId="p9_3.ether1.et1_rxd2" configurationId="p9_3"/>
      <configSetting altId="p9_3.gpio_mode.gpio_mode_peripheral" configurationId="p9_3.gpio_mode"/>
      <configSetting altId="riic0.mode.custom.free" configurationId="riic0.mode"/>
      <configSetting altId="riic0.riic0_scl.riic0_scl" configurationId="riic0.riic0_scl"/>
      <configSetting altId="riic0.riic0_sda.riic0_sda" configurationId="riic0.riic0_sda"/>
      <configSetting altId="riic0_scl.riic0.riic0_scl" configurationId="riic0_scl"/>
      <configSetting altId="riic0_scl.other_inen.inen.enable" configurationId="riic0_scl.other_inen"/>
      <configSetting altId="riic0_sda.riic0.riic0_sda" configurationId="riic0_sda"/>
      <configSetting altId="riic0_sda.other_inen.inen.enable" configurationId="riic0_sda.other_inen"/>
      <configSetting altId="riic1.mode.custom.free" configurationId="riic1.mode"/>
      <configSetting altId="riic1.riic1_scl.riic1_scl" configurationId="riic1.riic1_scl"/>
      <configSetting altId="riic1.riic1_sda.riic1_sda" configurationId="riic1.riic1_sda"/>
      <configSetting altId="riic1_scl.riic1.riic1_scl" configurationId="riic1_scl"/>
      <configSetting altId="riic1_scl.other_inen.inen.enable" configurationId="riic1_scl.other_inen"/>
      <configSetting altId="riic1_sda.riic1.riic1_sda" configurationId="riic1_sda"/>
      <configSetting altId="riic1_sda.other_inen.inen.enable" configurationId="riic1_sda.other_inen"/>
      <configSetting altId="scif0.mode.custom.free" configurationId="scif0.mode"/>
      <configSetting altId="scif0.scif0_rxd.p6_3" configurationId="scif0.scif0_rxd"/>
      <configSetting altId="scif0.scif0_txd.p6_4" configurationId="scif0.scif0_txd"/>
      <configSetting altId="sd0.mode.custom.free" configurationId="sd0.mode"/>
      <configSetting altId="sd0.sd0_cmd.sd0_cmd" configurationId="sd0.sd0_cmd"/>
      <configSetting altId="sd0.sd0_data0.sd0_data0" configurationId="sd0.sd0_data0"/>
      <configSetting altId="sd0.sd0_data1.sd0_data1" configurationId="sd0.sd0_data1"/>
      <configSetting altId="sd0.sd0_data2.sd0_data2" configurationId="sd0.sd0_data2"/>
      <configSetting altId="sd0.sd0_data3.sd0_data3" configurationId="sd0.sd0_data3"/>
      <configSetting altId="sd0_cmd.sd0.sd0_cmd" configurationId="sd0_cmd"/>
      <configSetting altId="sd0_cmd.other_inen.inen.enable" configurationId="sd0_cmd.other_inen"/>
      <configSetting altId="sd0_data0.sd0.sd0_data0" configurationId="sd0_data0"/>
      <configSetting altId="sd0_data0.other_inen.inen.enable" configurationId="sd0_data0.other_inen"/>
      <configSetting altId="sd0_data1.sd0.sd0_data1" configurationId="sd0_data1"/>
      <configSetting altId="sd0_data1.other_inen.inen.enable" configurationId="sd0_data1.other_inen"/>
      <configSetting altId="sd0_data2.sd0.sd0_data2" configurationId="sd0_data2"/>
      <configSetting altId="sd0_data2.other_inen.inen.enable" configurationId="sd0_data2.other_inen"/>
      <configSetting altId="sd0_data3.sd0.sd0_data3" configurationId="sd0_data3"/>
      <configSetting altId="sd0_data3.other_inen.inen.enable" configurationId="sd0_data3.other_inen"/>
      <configSetting altId="sd1.mode.custom.free" configurationId="sd1.mode"/>
      <configSetting altId="sd1.sd1_cmd.sd1_cmd" configurationId="sd1.sd1_cmd"/>
      <configSetting altId="sd1.sd1_data0.sd1_data0" configurationId="sd1.sd1_data0"/>
      <configSetting altId="sd1.sd1_data1.sd1_data1" configurationId="sd1.sd1_data1"/>
      <configSetting altId="sd1.sd1_data2.sd1_data2" configurationId="sd1.sd1_data2"/>
      <configSetting altId="sd1.sd1_data3.sd1_data3" configurationId="sd1.sd1_data3"/>
      <configSetting altId="sd1_cmd.sd1.sd1_cmd" configurationId="sd1_cmd"/>
      <configSetting altId="sd1_cmd.other_inen.inen.enable" configurationId="sd1_cmd.other_inen"/>
      <configSetting altId="sd1_data0.sd1.sd1_data0" configurationId="sd1_data0"/>
      <configSetting altId="sd1_data0.other_inen.inen.enable" configurationId="sd1_data0.other_inen"/>
      <configSetting altId="sd1_data1.sd1.sd1_data1" configurationId="sd1_data1"/>
      <configSetting altId="sd1_data1.other_inen.inen.enable" configurationId="sd1_data1.other_inen"/>
      <configSetting altId="sd1_data2.sd1.sd1_data2" configurationId="sd1_data2"/>
      <configSetting altId="sd1_data2.other_inen.inen.enable" configurationId="sd1_data2.other_inen"/>
      <configSetting altId="sd1_data3.sd1.sd1_data3" configurationId="sd1_data3"/>
      <configSetting altId="sd1_data3.other_inen.inen.enable" configurationId="sd1_data3.other_inen"/>
      <configSetting altId="ssi.audio_clk1.audio_clk1" configurationId="ssi.audio_clk1"/>
      <configSetting altId="ssi.audio_clk2.audio_clk2" configurationId="ssi.audio_clk2"/>
      <configSetting altId="ssi.mode.custom.free" configurationId="ssi.mode"/>
      <configSetting altId="ssi1.mode.custom.free" configurationId="ssi1.mode"/>
      <configSetting altId="ssi1.ssi1_bck.p3_0" configurationId="ssi1.ssi1_bck"/>
      <configSetting altId="ssi1.ssi1_rck.p3_1" configurationId="ssi1.ssi1_rck"/>
      <configSetting altId="ssi1.ssi1_rxd.p3_3" configurationId="ssi1.ssi1_rxd"/>
      <configSetting altId="ssi1.ssi1_txd.p3_2" configurationId="ssi1.ssi1_txd"/>
      <configSetting altId="usb0.mode.custom.free" configurationId="usb0.mode"/>
      <configSetting altId="usb0.usb0_dm.usb0_dm" configurationId="usb0.usb0_dm"/>
      <configSetting altId="usb0.usb0_dp.usb0_dp" configurationId="usb0.usb0_dp"/>
      <configSetting altId="usb0.usb0_ovrcur.p5_2" configurationId="usb0.usb0_ovrcur"/>
      <configSetting altId="usb0.usb0_vbusen.p5_0" configurationId="usb0.usb0_vbusen"/>
      <configSetting altId="usb0.usb0_vbusin.usb0_vbusin" configurationId="usb0.usb0_vbusin"/>
      <configSetting altId="usb0_dm.usb0.usb0_dm" configurationId="usb0_dm"/>
      <configSetting altId="usb0_dp.usb0.usb0_dp" configurationId="usb0_dp"/>
      <configSetting altId="usb0_vbusin.usb0.usb0_vbusin" configurationId="usb0_vbusin"/>
      <configSetting altId="usb1.mode.custom.free" configurationId="usb1.mode"/>
      <configSetting altId="usb1.usb1_dm.usb1_dm" configurationId="usb1.usb1_dm"/>
      <configSetting altId="usb1.usb1_dp.usb1_dp" configurationId="usb1.usb1_dp"/>
      <configSetting altId="usb1.usb1_ovrcur.p6_1" configurationId="usb1.usb1_ovrcur"/>
      <configSetting altId="usb1.usb1_vbusen.p6_0" configurationId="usb1.usb1_vbusen"/>
      <configSetting altId="usb1_dm.usb1.usb1_dm" configurationId="usb1_dm"/>
      <configSetting altId="usb1_dp.usb1.usb1_dp" configurationId="usb1_dp"/>
    </pincfg>
  </raPinConfiguration>
</raConfiguration>
